filename,duckdbparse_time_0,duckdbparse_time_1,duckdbparse_time_2
row_extra_quote14_col4.csv,0.0008726119995117188,0.0009906291961669922,0.0010409355163574219
row_more_sep_row5_col3.csv,0.0012021064758300781,0.001165628433227539,0.0013027191162109375
row_more_sep_row10_col0.csv,0.0018832683563232422,0.002851724624633789,0.0015523433685302734
row_less_sep_row2_col2.csv,0.0017728805541992188,0.0018198490142822266,0.0016493797302246094
row_more_sep_row13_col2.csv,0.0009996891021728516,0.0018968582153320312,0.002427816390991211
row_more_sep_row2_col4.csv,0.003087759017944336,0.0010504722595214844,0.002763509750366211
row_extra_quote3_col1.csv,0.0016019344329833984,0.002736806869506836,0.0012784004211425781
row_more_sep_row3_col1.csv,0.0011286735534667969,0.0031392574310302734,0.0025246143341064453
row_extra_quote0_col0.csv,0.0017209053039550781,0.0034792423248291016,0.0014116764068603516
row_extra_quote10_col3.csv,0.0017817020416259766,0.002118825912475586,0.001779317855834961
row_more_sep_row8_col2.csv,0.002205371856689453,0.0024862289428710938,0.002005338668823242
row_extra_quote17_col1.csv,0.002336263656616211,0.0016257762908935547,0.0013611316680908203
row_less_sep_row15_col1.csv,0.0023436546325683594,0.0013852119445800781,0.0015172958374023438
row_more_sep_row19_col0.csv,0.002089977264404297,0.0019121170043945312,0.0015659332275390625
row_extra_quote5_col2.csv,0.0021173954010009766,0.0016088485717773438,0.0012238025665283203
row_less_sep_row4_col2.csv,0.0018303394317626953,0.0024476051330566406,0.002306222915649414
row_less_sep_row10_col1.csv,0.002378225326538086,0.0015382766723632812,0.0017845630645751953
row_extra_quote1_col3.csv,0.001968860626220703,0.0018658638000488281,0.0021932125091552734
row_field_delimiter_5_0x20.csv,0.001725912094116211,0.0021326541900634766,0.0014705657958984375
row_less_sep_row4_col4.csv,0.0029211044311523438,0.00179290771484375,0.002368927001953125
row_less_sep_row19_col4.csv,0.001522064208984375,0.0017590522766113281,0.0032434463500976562
row_less_sep_row5_col1.csv,0.0015704631805419922,0.002823352813720703,0.002748250961303711
row_more_sep_row11_col0.csv,0.004148721694946289,0.0022132396697998047,0.0028557777404785156
row_extra_quote4_col3.csv,0.003329038619995117,0.001306295394897461,0.0024149417877197266
row_field_delimiter_1_0x20.csv,0.002417325973510742,0.0028460025787353516,0.0024073123931884766
row_less_sep_row16_col3.csv,0.0030291080474853516,0.0018663406372070312,0.0025949478149414062
row_less_sep_row20_col3.csv,0.002820253372192383,0.002189159393310547,0.003962993621826172
row_more_sep_row13_col3.csv,0.0017957687377929688,0.001678466796875,0.0025069713592529297
row_extra_quote3_col4.csv,0.0024378299713134766,0.001951456069946289,0.002121448516845703
row_more_sep_row6_col0.csv,0.0020139217376708984,0.003069639205932617,0.0023186206817626953
row_extra_quote11_col4.csv,0.001500844955444336,0.0017817020416259766,0.0024209022521972656
row_extra_quote11_col2.csv,0.0013642311096191406,0.0010666847229003906,0.0019817352294921875
row_less_sep_row13_col2.csv,0.002051115036010742,0.001485586166381836,0.0014231204986572266
row_field_delimiter_4_0x20.csv,0.0015957355499267578,0.0014133453369140625,0.0017604827880859375
row_more_sep_row2_col3.csv,0.0018742084503173828,0.0016508102416992188,0.0020737648010253906
row_more_sep_row15_col2.csv,0.002461671829223633,0.001318216323852539,0.00197601318359375
row_more_sep_row15_col0.csv,0.0017082691192626953,0.0016913414001464844,0.0013244152069091797
row_less_sep_row2_col4.csv,0.002413034439086914,0.0017542839050292969,0.002836942672729492
row_more_sep_row4_col3.csv,0.0019834041595458984,0.002077341079711914,0.0014486312866210938
row_extra_quote1_col4.csv,0.0032949447631835938,0.0013883113861083984,0.002851247787475586
row_less_sep_row15_col2.csv,0.0014269351959228516,0.001561880111694336,0.0016913414001464844
row_less_sep_row1_col1.csv,0.003018617630004883,0.0024890899658203125,0.001796722412109375
row_less_sep_row9_col3.csv,0.0019278526306152344,0.0033562183380126953,0.0016846656799316406
row_field_delimiter_3_0x20.csv,0.0020117759704589844,0.0015344619750976562,0.0020003318786621094
row_more_sep_row18_col4.csv,0.001758575439453125,0.0011982917785644531,0.002047300338745117
row_extra_quote19_col0.csv,0.0026140213012695312,0.0018277168273925781,0.0014772415161132812
row_less_sep_row15_col4.csv,0.0017120838165283203,0.0012743473052978516,0.0017924308776855469
row_extra_quote2_col2.csv,0.001794576644897461,0.0021533966064453125,0.0018935203552246094
row_more_sep_row12_col0.csv,0.0011136531829833984,0.002300262451171875,0.0016832351684570312
row_extra_quote0_col3.csv,0.0017299652099609375,0.0013284683227539062,0.001241922378540039
row_less_sep_row10_col3.csv,0.0013222694396972656,0.001827239990234375,0.0019390583038330078
file_header_multirow_2.csv,0.0035202503204345703,0.0014896392822265625,0.002674579620361328
row_more_sep_row8_col1.csv,0.0012917518615722656,0.0020041465759277344,0.0015673637390136719
row_extra_quote7_col0.csv,0.002035379409790039,0.0014028549194335938,0.001744985580444336
row_more_sep_row15_col1.csv,0.0017430782318115234,0.002026796340942383,0.002856016159057617
row_more_sep_row19_col4.csv,0.0020072460174560547,0.0016469955444335938,0.0017549991607666016
row_extra_quote20_col1.csv,0.0019648075103759766,0.0016217231750488281,0.0023279190063476562
file_preamble.csv,0.001283407211303711,0.002238750457763672,0.0011425018310546875
row_more_sep_row5_col1.csv,0.0017604827880859375,0.0011653900146484375,0.002196073532104492
row_more_sep_row16_col3.csv,0.0013210773468017578,0.0013654232025146484,0.0012614727020263672
row_less_sep_row0_col1.csv,0.002341032028198242,0.0017497539520263672,0.0017299652099609375
row_field_delimiter_6_0x20.csv,0.0016040802001953125,0.001857757568359375,0.0013911724090576172
row_extra_quote8_col3.csv,0.0015716552734375,0.0015494823455810547,0.0014390945434570312
file_record_delimiter_0xA.csv,0.0018334388732910156,0.0015604496002197266,0.0014946460723876953
row_more_sep_row1_col4.csv,0.0026705265045166016,0.001272439956665039,0.0012269020080566406
row_extra_quote8_col0.csv,0.0016167163848876953,0.001003265380859375,0.0015807151794433594
row_less_sep_row4_col3.csv,0.002885580062866211,0.0020940303802490234,0.001710653305053711
row_less_sep_row17_col4.csv,0.001497030258178711,0.0016851425170898438,0.001390218734741211
row_extra_quote0_col4.csv,0.0017039775848388672,0.0012214183807373047,0.0012845993041992188
row_more_sep_row11_col2.csv,0.001940011978149414,0.0014925003051757812,0.0016667842864990234
row_less_sep_row11_col2.csv,0.0013234615325927734,0.0011534690856933594,0.0015053749084472656
row_more_sep_row18_col3.csv,0.001506805419921875,0.0011284351348876953,0.001321554183959961
row_extra_quote17_col0.csv,0.0014455318450927734,0.0012612342834472656,0.0011420249938964844
row_extra_quote19_col4.csv,0.0015406608581542969,0.0012314319610595703,0.0011234283447265625
row_more_sep_row6_col4.csv,0.001392364501953125,0.0017437934875488281,0.0013537406921386719
row_more_sep_row2_col0.csv,0.0011882781982421875,0.0013298988342285156,0.001987457275390625
row_more_sep_row13_col1.csv,0.0017824172973632812,0.0016317367553710938,0.0013191699981689453
row_more_sep_row6_col1.csv,0.0013353824615478516,0.0014712810516357422,0.0013093948364257812
row_less_sep_row0_col3.csv,0.0013740062713623047,0.0017812252044677734,0.0018544197082519531
row_extra_quote7_col4.csv,0.001295328140258789,0.0017023086547851562,0.0011980533599853516
row_extra_quote17_col4.csv,0.0017848014831542969,0.0011527538299560547,0.0012526512145996094
row_less_sep_row12_col2.csv,0.002109527587890625,0.0013699531555175781,0.0018091201782226562
row_extra_quote12_col4.csv,0.00145721435546875,0.0017108917236328125,0.0014171600341796875
row_less_sep_row6_col3.csv,0.001346588134765625,0.001665353775024414,0.002042531967163086
row_more_sep_row17_col4.csv,0.0012218952178955078,0.0014672279357910156,0.0024330615997314453
row_more_sep_row4_col2.csv,0.0015909671783447266,0.0019807815551757812,0.0021886825561523438
row_extra_quote15_col4.csv,0.0019724369049072266,0.0010771751403808594,0.0017657279968261719
row_less_sep_row4_col1.csv,0.0018153190612792969,0.001566171646118164,0.0019316673278808594
row_more_sep_row0_col3.csv,0.0019221305847167969,0.002056598663330078,0.001939535140991211
file_field_delimiter_0x2C_0x20.csv,0.0014150142669677734,0.0017004013061523438,0.0015056133270263672
row_less_sep_row11_col3.csv,0.0013797283172607422,0.0014033317565917969,0.0015385150909423828
row_less_sep_row18_col4.csv,0.0014500617980957031,0.0012347698211669922,0.003339529037475586
row_more_sep_row9_col1.csv,0.0015108585357666016,0.0017435550689697266,0.0012733936309814453
row_less_sep_row7_col1.csv,0.0014352798461914062,0.0017962455749511719,0.0016841888427734375
row_less_sep_row17_col2.csv,0.0011227130889892578,0.0024297237396240234,0.0013802051544189453
row_less_sep_row6_col1.csv,0.0016417503356933594,0.0021622180938720703,0.003166675567626953
row_extra_quote16_col0.csv,0.0018811225891113281,0.003083944320678711,0.0018341541290283203
row_extra_quote12_col0.csv,0.0016775131225585938,0.002016782760620117,0.0014276504516601562
row_field_delimiter_18_0x20.csv,0.002298116683959961,0.0017690658569335938,0.0018301010131835938
row_more_sep_row8_col3.csv,0.0016469955444335938,0.001794576644897461,0.0022084712982177734
row_more_sep_row16_col1.csv,0.0020279884338378906,0.0012989044189453125,0.001969575881958008
row_extra_quote5_col1.csv,0.001735687255859375,0.0012369155883789062,0.0013251304626464844
row_extra_quote13_col2.csv,0.0013782978057861328,0.0015175342559814453,0.0013477802276611328
row_more_sep_row20_col3.csv,0.0025005340576171875,0.0015058517456054688,0.0021905899047851562
row_less_sep_row16_col2.csv,0.0012745857238769531,0.0017676353454589844,0.0012862682342529297
row_extra_quote16_col1.csv,0.002107858657836914,0.001783609390258789,0.0015320777893066406
row_less_sep_row10_col2.csv,0.002165555953979492,0.0016961097717285156,0.0013287067413330078
row_more_sep_row12_col4.csv,0.002831697463989258,0.0012938976287841797,0.0015723705291748047
row_more_sep_row8_col4.csv,0.0012316703796386719,0.0014128684997558594,0.0012772083282470703
row_more_sep_row18_col0.csv,0.0016717910766601562,0.0019383430480957031,0.0012423992156982422
row_less_sep_row12_col4.csv,0.0015501976013183594,0.0014388561248779297,0.002745389938354492
row_more_sep_row3_col2.csv,0.003966569900512695,0.002102375030517578,0.0012433528900146484
row_more_sep_row13_col0.csv,0.002474069595336914,0.0012633800506591797,0.0014383792877197266
row_extra_quote8_col2.csv,0.0018019676208496094,0.0017049312591552734,0.001399993896484375
row_extra_quote9_col3.csv,0.001523733139038086,0.0014226436614990234,0.0013127326965332031
row_less_sep_row12_col3.csv,0.0026237964630126953,0.001325845718383789,0.002006053924560547
row_less_sep_row14_col1.csv,0.001771688461303711,0.0017719268798828125,0.0012826919555664062
file_field_delimiter_0x9.csv,0.0030813217163085938,0.0013134479522705078,0.0016024112701416016
row_more_sep_row5_col4.csv,0.0018970966339111328,0.0018846988677978516,0.0017392635345458984
row_extra_quote16_col3.csv,0.0018558502197265625,0.0017008781433105469,0.00191497802734375
row_extra_quote16_col4.csv,0.0022687911987304688,0.0011224746704101562,0.0023186206817626953
file_no_payload.csv,0.00167083740234375,0.0011401176452636719,0.0013642311096191406
row_extra_quote13_col0.csv,0.0013883113861083984,0.0016775131225585938,0.001367330551147461
row_extra_quote1_col2.csv,0.0016388893127441406,0.0010335445404052734,0.0011472702026367188
row_extra_quote12_col2.csv,0.0019295215606689453,0.001131296157836914,0.0018727779388427734
row_less_sep_row2_col3.csv,0.0016198158264160156,0.0019402503967285156,0.0017156600952148438
file_header_only.csv,0.002382040023803711,0.001603841781616211,0.0014281272888183594
file_escape_char_0x5C.csv,0.0016002655029296875,0.0011997222900390625,0.0018050670623779297
row_more_sep_row14_col0.csv,0.0012805461883544922,0.0016369819641113281,0.0013415813446044922
row_more_sep_row12_col3.csv,0.0013837814331054688,0.001650094985961914,0.0020818710327148438
row_less_sep_row14_col3.csv,0.001924276351928711,0.0012354850769042969,0.0012774467468261719
row_extra_quote12_col1.csv,0.0014605522155761719,0.0018222332000732422,0.001260519027709961
row_more_sep_row4_col1.csv,0.001506805419921875,0.001241922378540039,0.0012471675872802734
row_more_sep_row7_col1.csv,0.0019083023071289062,0.0015952587127685547,0.0012819766998291016
row_extra_quote4_col0.csv,0.0012407302856445312,0.0012302398681640625,0.001974344253540039
row_extra_quote16_col2.csv,0.0016531944274902344,0.001177072525024414,0.0016548633575439453
row_extra_quote5_col0.csv,0.0018458366394042969,0.0014712810516357422,0.0014004707336425781
row_extra_quote6_col2.csv,0.0015025138854980469,0.0015435218811035156,0.0012781620025634766
file_multitable_more.csv,0.001501321792602539,0.001645803451538086,0.0018515586853027344
row_extra_quote10_col0.csv,0.001800537109375,0.0011298656463623047,0.0016312599182128906
row_less_sep_row19_col1.csv,0.001285552978515625,0.0012950897216796875,0.0015842914581298828
row_more_sep_row16_col0.csv,0.0015308856964111328,0.0014214515686035156,0.0016021728515625
row_field_delimiter_14_0x20.csv,0.0017616748809814453,0.0017516613006591797,0.0009641647338867188
row_extra_quote14_col0.csv,0.0013608932495117188,0.0012874603271484375,0.0016112327575683594
row_less_sep_row17_col3.csv,0.0016965866088867188,0.001283407211303711,0.0014011859893798828
row_extra_quote18_col1.csv,0.0019495487213134766,0.0010907649993896484,0.0011594295501708984
row_less_sep_row1_col3.csv,0.0020656585693359375,0.0012383460998535156,0.001316070556640625
row_extra_quote19_col3.csv,0.0018901824951171875,0.001264810562133789,0.0012977123260498047
row_more_sep_row4_col0.csv,0.0020418167114257812,0.0013849735260009766,0.0011625289916992188
row_extra_quote19_col1.csv,0.0016987323760986328,0.0012965202331542969,0.0010752677917480469
row_field_delimiter_8_0x20.csv,0.002097606658935547,0.0013318061828613281,0.0019459724426269531
file_field_delimiter_0x3B.csv,0.0017940998077392578,0.0010459423065185547,0.0017020702362060547
row_more_sep_row3_col3.csv,0.0016384124755859375,0.0021440982818603516,0.001270294189453125
source.csv,0.0025594234466552734,0.0012998580932617188,0.0015811920166015625
row_more_sep_row14_col3.csv,0.002218484878540039,0.0013387203216552734,0.0011904239654541016
row_field_delimiter_10_0x20.csv,0.0013751983642578125,0.0020599365234375,0.001409292221069336
row_more_sep_row13_col4.csv,0.002184629440307617,0.0012426376342773438,0.0012860298156738281
row_extra_quote7_col2.csv,0.0020799636840820312,0.0011982917785644531,0.000988006591796875
row_less_sep_row11_col4.csv,0.0030307769775390625,0.0014684200286865234,0.0018246173858642578
row_extra_quote13_col3.csv,0.0016739368438720703,0.0013031959533691406,0.0013422966003417969
row_extra_quote6_col3.csv,0.001062154769897461,0.0010018348693847656,0.001466512680053711
row_extra_quote14_col2.csv,0.0011599063873291016,0.0016283988952636719,0.0009522438049316406
row_field_delimiter_16_0x20.csv,0.0014781951904296875,0.0015599727630615234,0.0016338825225830078
row_extra_quote13_col1.csv,0.0020825862884521484,0.0012903213500976562,0.0012547969818115234
row_more_sep_row18_col1.csv,0.0016283988952636719,0.0012538433074951172,0.0010228157043457031
row_less_sep_row19_col3.csv,0.0013408660888671875,0.0020732879638671875,0.0016613006591796875
row_more_sep_row5_col0.csv,0.0015981197357177734,0.002016782760620117,0.0011477470397949219
row_less_sep_row18_col2.csv,0.0019245147705078125,0.0012297630310058594,0.0016689300537109375
row_more_sep_row3_col4.csv,0.002092123031616211,0.001417398452758789,0.0012958049774169922
row_extra_quote8_col4.csv,0.0017156600952148438,0.001085042953491211,0.0015964508056640625
row_extra_quote12_col3.csv,0.001207590103149414,0.0018913745880126953,0.0013928413391113281
row_extra_quote10_col1.csv,0.0013623237609863281,0.0016739368438720703,0.001737356185913086
row_extra_quote18_col4.csv,0.001444101333618164,0.0016024112701416016,0.0016865730285644531
row_more_sep_row19_col3.csv,0.0019235610961914062,0.0013408660888671875,0.001207113265991211
row_more_sep_row7_col2.csv,0.001375436782836914,0.0012769699096679688,0.0010845661163330078
row_extra_quote19_col2.csv,0.001878499984741211,0.0011589527130126953,0.0011630058288574219
row_extra_quote2_col1.csv,0.0016074180603027344,0.0013546943664550781,0.0012676715850830078
row_less_sep_row20_col1.csv,0.0012292861938476562,0.0009202957153320312,0.0020558834075927734
row_more_sep_row17_col2.csv,0.0014078617095947266,0.0013744831085205078,0.0012373924255371094
row_more_sep_row12_col1.csv,0.0016143321990966797,0.0011954307556152344,0.0017142295837402344
row_less_sep_row3_col1.csv,0.0018422603607177734,0.001131296157836914,0.0012142658233642578
row_less_sep_row7_col4.csv,0.0019192695617675781,0.0017616748809814453,0.0014472007751464844
row_more_sep_row11_col4.csv,0.001542806625366211,0.0014486312866210938,0.0013594627380371094
row_more_sep_row7_col4.csv,0.0014653205871582031,0.0015146732330322266,0.0016057491302490234
row_extra_quote20_col0.csv,0.0013256072998046875,0.0014986991882324219,0.0019626617431640625
row_extra_quote6_col0.csv,0.0014812946319580078,0.001268148422241211,0.0015594959259033203
row_less_sep_row16_col1.csv,0.0015497207641601562,0.0019366741180419922,0.0018982887268066406
row_more_sep_row1_col1.csv,0.0022552013397216797,0.0017137527465820312,0.0017611980438232422
row_more_sep_row11_col1.csv,0.001157999038696289,0.0013973712921142578,0.001508474349975586
row_more_sep_row1_col0.csv,0.0021300315856933594,0.0010554790496826172,0.0017130374908447266
row_extra_quote17_col3.csv,0.0016903877258300781,0.0017597675323486328,0.0016117095947265625
row_extra_quote1_col0.csv,0.0012979507446289062,0.0018720626831054688,0.001287698745727539
row_more_sep_row15_col4.csv,0.0017125606536865234,0.0018143653869628906,0.002020597457885742
row_more_sep_row3_col0.csv,0.002419710159301758,0.0030460357666015625,0.0023224353790283203
row_extra_quote0_col1.csv,0.0023834705352783203,0.0014333724975585938,0.0019161701202392578
row_extra_quote15_col3.csv,0.0011420249938964844,0.0020341873168945312,0.0016956329345703125
row_extra_quote18_col0.csv,0.00179290771484375,0.0012018680572509766,0.001373291015625
row_less_sep_row3_col2.csv,0.0014088153839111328,0.0018031597137451172,0.0016405582427978516
row_more_sep_row17_col1.csv,0.002719879150390625,0.0012047290802001953,0.0017848014831542969
row_more_sep_row17_col0.csv,0.0026390552520751953,0.0012669563293457031,0.001489877700805664
row_less_sep_row17_col1.csv,0.0010859966278076172,0.0013442039489746094,0.0013997554779052734
row_more_sep_row20_col2.csv,0.0011472702026367188,0.001196146011352539,0.0014657974243164062
row_extra_quote4_col4.csv,0.0011565685272216797,0.0015652179718017578,0.0024976730346679688
row_less_sep_row1_col2.csv,0.0012557506561279297,0.0012598037719726562,0.0011434555053710938
row_extra_quote20_col2.csv,0.0018930435180664062,0.001163482666015625,0.0009984970092773438
row_less_sep_row19_col2.csv,0.0015387535095214844,0.001069784164428711,0.0013735294342041016
row_more_sep_row10_col3.csv,0.0012199878692626953,0.0012731552124023438,0.0012717247009277344
row_more_sep_row19_col1.csv,0.0018646717071533203,0.0019867420196533203,0.0019092559814453125
row_less_sep_row14_col4.csv,0.002032041549682617,0.001708984375,0.0020303726196289062
row_extra_quote9_col4.csv,0.001383066177368164,0.0008895397186279297,0.001341104507446289
row_extra_quote15_col0.csv,0.0017859935760498047,0.0011382102966308594,0.001529693603515625
file_header_multirow_3.csv,0.0016760826110839844,0.0019478797912597656,0.0015728473663330078
row_more_sep_row15_col3.csv,0.0017368793487548828,0.0017354488372802734,0.0012123584747314453
row_extra_quote11_col1.csv,0.0017240047454833984,0.0022149085998535156,0.0016183853149414062
file_quotation_char_0x27.csv,0.001598358154296875,0.0010516643524169922,0.001462697982788086
file_double_trailing_newline.csv,0.0013051033020019531,0.0019104480743408203,0.001667022705078125
row_extra_quote7_col1.csv,0.0015711784362792969,0.0012831687927246094,0.0010581016540527344
row_more_sep_row7_col0.csv,0.0014896392822265625,0.0017676353454589844,0.0014536380767822266
row_field_delimiter_7_0x20.csv,0.0014445781707763672,0.0015316009521484375,0.00110626220703125
row_field_delimiter_19_0x20.csv,0.0015952587127685547,0.0013318061828613281,0.0012454986572265625
row_extra_quote8_col1.csv,0.001188039779663086,0.0017108917236328125,0.001302480697631836
row_more_sep_row1_col2.csv,0.0015478134155273438,0.0013320446014404297,0.0023000240325927734
row_extra_quote15_col2.csv,0.0016057491302490234,0.0016379356384277344,0.0012941360473632812
file_escape_char_0x00.csv,0.001692056655883789,0.002057790756225586,0.0015025138854980469
row_extra_quote10_col4.csv,0.0016021728515625,0.001398324966430664,0.00140380859375
row_less_sep_row20_col2.csv,0.0014891624450683594,0.0013875961303710938,0.0014119148254394531
row_extra_quote14_col3.csv,0.0012454986572265625,0.0011894702911376953,0.0020787715911865234
row_extra_quote2_col0.csv,0.0016591548919677734,0.0010616779327392578,0.0012128353118896484
row_less_sep_row18_col1.csv,0.0016679763793945312,0.0013508796691894531,0.0016353130340576172
row_extra_quote18_col2.csv,0.0022439956665039062,0.0011205673217773438,0.0015227794647216797
row_more_sep_row2_col2.csv,0.0013463497161865234,0.0014493465423583984,0.0012989044189453125
row_less_sep_row5_col2.csv,0.0012693405151367188,0.0011539459228515625,0.0016930103302001953
row_more_sep_row9_col2.csv,0.0012221336364746094,0.001232147216796875,0.0015263557434082031
row_extra_quote15_col1.csv,0.0016815662384033203,0.0013129711151123047,0.0013699531555175781
row_extra_quote1_col1.csv,0.0017719268798828125,0.0014412403106689453,0.0016644001007080078
row_less_sep_row11_col1.csv,0.0016300678253173828,0.0012700557708740234,0.0014247894287109375
row_more_sep_row10_col2.csv,0.0011525154113769531,0.001356363296508789,0.0016794204711914062
row_more_sep_row14_col1.csv,0.001882314682006836,0.001207590103149414,0.0017952919006347656
row_more_sep_row8_col0.csv,0.001705169677734375,0.0016307830810546875,0.001146554946899414
row_less_sep_row7_col3.csv,0.0019266605377197266,0.0011408329010009766,0.0013976097106933594
row_extra_quote9_col2.csv,0.0015482902526855469,0.0012700557708740234,0.0011188983917236328
row_less_sep_row8_col1.csv,0.001650094985961914,0.0019795894622802734,0.001598358154296875
row_more_sep_row0_col2.csv,0.0018138885498046875,0.0011768341064453125,0.001325845718383789
row_more_sep_row9_col4.csv,0.0017919540405273438,0.0014460086822509766,0.0013804435729980469
row_less_sep_row7_col2.csv,0.0019321441650390625,0.001210927963256836,0.00139617919921875
row_more_sep_row5_col2.csv,0.0012903213500976562,0.0014891624450683594,0.0021734237670898438
row_more_sep_row7_col3.csv,0.0020666122436523438,0.001871347427368164,0.0019266605377197266
row_field_delimiter_2_0x20.csv,0.0014603137969970703,0.0012273788452148438,0.0012278556823730469
row_extra_quote3_col0.csv,0.001131296157836914,0.0017871856689453125,0.0017747879028320312
file_record_delimiter_0xD.csv,0.001394510269165039,0.0014717578887939453,0.001531362533569336
row_less_sep_row9_col2.csv,0.0011112689971923828,0.0010976791381835938,0.0014181137084960938
row_extra_quote11_col3.csv,0.0014247894287109375,0.0014500617980957031,0.001800537109375
row_less_sep_row8_col4.csv,0.0018498897552490234,0.0015988349914550781,0.001672506332397461
row_less_sep_row1_col4.csv,0.00139617919921875,0.0012423992156982422,0.0020537376403808594
row_less_sep_row18_col3.csv,0.0012428760528564453,0.0013203620910644531,0.0014235973358154297
row_extra_quote4_col1.csv,0.0016868114471435547,0.0016620159149169922,0.0012409687042236328
row_extra_quote2_col3.csv,0.0015957355499267578,0.0013904571533203125,0.0011420249938964844
row_more_sep_row10_col1.csv,0.0014529228210449219,0.0011839866638183594,0.0016117095947265625
row_more_sep_row0_col1.csv,0.0019130706787109375,0.0019481182098388672,0.0016937255859375
row_less_sep_row12_col1.csv,0.0015609264373779297,0.0019025802612304688,0.0017130374908447266
row_more_sep_row16_col4.csv,0.0016903877258300781,0.0014553070068359375,0.0017426013946533203
row_more_sep_row12_col2.csv,0.00212860107421875,0.0012176036834716797,0.0015552043914794922
row_extra_quote20_col3.csv,0.001459360122680664,0.0018358230590820312,0.002177000045776367
row_more_sep_row4_col4.csv,0.0015370845794677734,0.001277923583984375,0.0017113685607910156
row_extra_quote3_col3.csv,0.0014367103576660156,0.0015301704406738281,0.0016665458679199219
row_more_sep_row20_col1.csv,0.0014903545379638672,0.0017521381378173828,0.0014920234680175781
row_more_sep_row20_col0.csv,0.0014276504516601562,0.0016224384307861328,0.0018224716186523438
row_less_sep_row6_col4.csv,0.001861572265625,0.0022401809692382812,0.0024721622467041016
row_less_sep_row14_col2.csv,0.001987457275390625,0.002979755401611328,0.0014276504516601562
row_extra_quote6_col4.csv,0.0024530887603759766,0.0013036727905273438,0.0013179779052734375
row_less_sep_row6_col2.csv,0.0017547607421875,0.0018422603607177734,0.0017566680908203125
row_field_delimiter_0_0x20.csv,0.0018069744110107422,0.0012848377227783203,0.001399993896484375
row_field_delimiter_9_0x20.csv,0.0015332698822021484,0.002145528793334961,0.0012083053588867188
row_more_sep_row6_col3.csv,0.0023331642150878906,0.0012433528900146484,0.0013966560363769531
row_more_sep_row0_col4.csv,0.0013623237609863281,0.0012884140014648438,0.0025894641876220703
file_no_trailing_newline.csv,0.0023353099822998047,0.0015456676483154297,0.0013303756713867188
row_less_sep_row8_col2.csv,0.001750946044921875,0.001430511474609375,0.0012292861938476562
row_less_sep_row2_col1.csv,0.0016565322875976562,0.0010311603546142578,0.0014684200286865234
row_more_sep_row10_col4.csv,0.0023522377014160156,0.0010976791381835938,0.001478433609008789
row_more_sep_row9_col3.csv,0.0015540122985839844,0.0015976428985595703,0.0013031959533691406
row_less_sep_row13_col4.csv,0.0014510154724121094,0.0014007091522216797,0.0011360645294189453
row_extra_quote14_col1.csv,0.0014545917510986328,0.0011260509490966797,0.0019338130950927734
row_extra_quote17_col2.csv,0.0016057491302490234,0.0014612674713134766,0.0016543865203857422
row_extra_quote3_col2.csv,0.0017595291137695312,0.0013327598571777344,0.001323699951171875
row_less_sep_row16_col4.csv,0.0024268627166748047,0.0014879703521728516,0.0013854503631591797
row_extra_quote13_col4.csv,0.0014061927795410156,0.002069234848022461,0.0015749931335449219
row_extra_quote2_col4.csv,0.0013306140899658203,0.0016748905181884766,0.0012049674987792969
row_field_delimiter_11_0x20.csv,0.0013275146484375,0.0010280609130859375,0.002142667770385742
file_multitable_same.csv,0.0020682811737060547,0.0022125244140625,0.0014553070068359375
file_one_data_row.csv,0.002415895462036133,0.0012826919555664062,0.0014438629150390625
row_more_sep_row14_col2.csv,0.0014085769653320312,0.001291513442993164,0.001157999038696289
row_less_sep_row9_col1.csv,0.0014867782592773438,0.0012247562408447266,0.0013887882232666016
row_less_sep_row9_col4.csv,0.0019054412841796875,0.0012254714965820312,0.0017027854919433594
row_more_sep_row9_col0.csv,0.0017237663269042969,0.0016138553619384766,0.001504659652709961
file_multitable_less.csv,0.001371145248413086,0.0011942386627197266,0.0015833377838134766
row_more_sep_row11_col3.csv,0.001115560531616211,0.0018656253814697266,0.0013928413391113281
row_extra_quote6_col1.csv,0.0014801025390625,0.0011610984802246094,0.0025742053985595703
row_more_sep_row14_col4.csv,0.00261688232421875,0.002794504165649414,0.0012104511260986328
row_extra_quote11_col0.csv,0.001802682876586914,0.0014941692352294922,0.0011219978332519531
row_less_sep_row0_col2.csv,0.0013689994812011719,0.0009291172027587891,0.001177072525024414
row_less_sep_row8_col3.csv,0.0014486312866210938,0.001237630844116211,0.002237081527709961
row_more_sep_row16_col2.csv,0.0016529560089111328,0.0016016960144042969,0.0013844966888427734
row_more_sep_row1_col3.csv,0.0010859966278076172,0.0015187263488769531,0.002718210220336914
row_extra_quote0_col2.csv,0.0012316703796386719,0.001218557357788086,0.0016040802001953125
row_less_sep_row5_col3.csv,0.0016758441925048828,0.0018377304077148438,0.0013911724090576172
row_less_sep_row15_col3.csv,0.0023069381713867188,0.0013518333435058594,0.0014002323150634766
row_more_sep_row0_col0.csv,0.0017685890197753906,0.0010747909545898438,0.002432584762573242
row_less_sep_row5_col4.csv,0.0015277862548828125,0.001478433609008789,0.0021512508392333984
row_extra_quote10_col2.csv,0.00119781494140625,0.0015673637390136719,0.0011649131774902344
file_no_header.csv,0.0013048648834228516,0.0015151500701904297,0.001238107681274414
row_field_delimiter_12_0x20.csv,0.002063274383544922,0.0015406608581542969,0.0018439292907714844
row_extra_quote9_col1.csv,0.002031087875366211,0.0010981559753417969,0.0015490055084228516
row_less_sep_row10_col4.csv,0.0014643669128417969,0.001249551773071289,0.0020804405212402344
row_less_sep_row13_col1.csv,0.00264739990234375,0.0020532608032226562,0.0020890235900878906
row_field_delimiter_13_0x20.csv,0.0022475719451904297,0.0016429424285888672,0.0025017261505126953
row_field_delimiter_20_0x20.csv,0.0013866424560546875,0.0014984607696533203,0.0014600753784179688
row_less_sep_row3_col3.csv,0.0013780593872070312,0.001720428466796875,0.0013020038604736328
row_more_sep_row17_col3.csv,0.002180337905883789,0.0011363029479980469,0.0023539066314697266
row_extra_quote4_col2.csv,0.0015587806701660156,0.0017123222351074219,0.0013675689697265625
row_more_sep_row18_col2.csv,0.0017876625061035156,0.0016601085662841797,0.0018558502197265625
row_more_sep_row20_col4.csv,0.001390695571899414,0.0018002986907958984,0.0013477802276611328
row_extra_quote5_col4.csv,0.001434326171875,0.00154876708984375,0.0019130706787109375
row_less_sep_row3_col4.csv,0.0015857219696044922,0.0014832019805908203,0.0016868114471435547
row_extra_quote20_col4.csv,0.0021009445190429688,0.0016598701477050781,0.0020782947540283203
row_less_sep_row20_col4.csv,0.0015978813171386719,0.0013434886932373047,0.0013108253479003906
row_more_sep_row6_col2.csv,0.0021085739135742188,0.001394033432006836,0.0014805793762207031
row_more_sep_row2_col1.csv,0.0018932819366455078,0.0010821819305419922,0.001474618911743164
row_extra_quote18_col3.csv,0.0015392303466796875,0.0014874935150146484,0.002097606658935547
row_less_sep_row0_col4.csv,0.0017790794372558594,0.0015823841094970703,0.002140045166015625
row_less_sep_row13_col3.csv,0.002351045608520508,0.0016639232635498047,0.001974344253540039
row_extra_quote5_col3.csv,0.002181529998779297,0.0012211799621582031,0.001018524169921875
file_field_delimiter_0x20.csv,0.0013096332550048828,0.0012602806091308594,0.001046895980834961
row_extra_quote7_col3.csv,0.0012886524200439453,0.0012128353118896484,0.001535654067993164
row_field_delimiter_17_0x20.csv,0.0018415451049804688,0.0019235610961914062,0.0015332698822021484
row_extra_quote9_col0.csv,0.001470804214477539,0.0019397735595703125,0.0013279914855957031
row_field_delimiter_15_0x20.csv,0.0011489391326904297,0.0020818710327148438,0.0013976097106933594
row_more_sep_row19_col2.csv,0.001371145248413086,0.0011284351348876953,0.0011281967163085938
